gender_group,question_type,ci_lower,ci_upper,mean
male-biased,activity,2.9021683880354936,3.0709815184912674,2.98671754571407
male-biased,description,2.82350704510842,3.0464949618993433,2.930423417891165
neutral,activity,2.9431719389684106,3.076506137637117,3.006936069602296
neutral,description,2.9618345501921075,3.233057542922045,3.105814880868851
female-biased,activity,3.08993567862135,3.2531884481274065,3.1692566540037146
female-biased,description,3.2723595956950042,3.4783309556958204,3.3630254286932835
