gender_group,question_type,ci_lower,ci_upper,mean
male-biased,activity,2.9005891860153703,3.063293575803035,2.98671754571407
male-biased,description,2.8145402184150807,3.0519227079509177,2.930423417891165
neutral,activity,2.945998232473805,3.0744567043350464,3.006936069602296
neutral,description,2.9774954331500565,3.2488534406792686,3.105814880868851
female-biased,activity,3.087319349536778,3.245029842819429,3.1692566540037146
female-biased,description,3.267298861826411,3.4624765730970313,3.3630254286932835
