gender_group,question_type,ci_lower,ci_upper,mean
male-biased,activity,2.900887490132504,3.066376422349168,2.98671754571407
male-biased,description,2.816110939643932,3.0534702019512827,2.930423417891165
neutral,activity,2.944283545154784,3.070310895676173,3.006936069602296
neutral,description,2.972958209128992,3.239314574927073,3.105814880868851
female-biased,activity,3.086003306743026,3.256901785412922,3.1692566540037146
female-biased,description,3.258025447857529,3.4604510187027806,3.3630254286932835
